﻿"REQUISITI PER L'ACCESSO AL SERVIZIO PUBBLICO,""Requisiti per usare il servizio pubblico"""
"COME PRESENTARE UNA DOMANDA ONLINE,""Come fare una domanda su internet"""
"DOCUMENTI NECESSARI PER L'ISCRIZIONE,""Documenti richiesti per iscriversi"""
"MODALITÀ DI PAGAMENTO DELLE TASSE,""Come pagare le tasse"""
"TERMINE ULTIMO PER LA CONSEGNA DEI DOCUMENTI,""Data entro cui consegnare i documenti"""
"ISTRUZIONI PER LA COMPILAZIONE DEL MODULO,""Come compilare il modulo"""
"ORARIO DI APERTURA DELL'UFFICIO,""Quando l'ufficio è aperto"""
"CONTATTI PER INFORMAZIONI,""Numeri e email per informazioni"""
"COME RICHIEDERE IL RIMBORSO,""Come chiedere un rimborso"""
"CONDIZIONI PER L'AMMISSIONE,""Requisiti per essere ammessi"""
"MODULO DI ISCRIZIONE ONLINE,""Modulo per iscriversi su internet"""
"COME AGGIORNARE I DATI PERSONALI,""Come modificare i tuoi dati"""
"DOCUMENTAZIONE RICHIESTA PER IL SERVIZIO,""Documenti da presentare"""
"REQUISITI MINIMI PER IL CORSO,""Cosa serve per partecipare al corso"""
"COME FISSARE UN APPUNTAMENTO,""Come prenotare un incontro"""
"ISTRUZIONI PER LA CONSEGNA DEI DOCUMENTI,""Come consegnare i documenti"""
"MODALITÀ DI INVIO DELLA DOMANDA,""Come inviare la domanda"""
"NUMERO DI TELEFONO PER INFORMAZIONI,""Telefono da chiamare per informazioni"""
"ORARI DI RICEVIMENTO,""Quando ricevere persone"""
"COME COMPILARE IL FORM ONLINE,""Come riempire il form su internet"""
"REQUISITI PER LA PARTECIPAZIONE,""Cosa serve per partecipare"""
"MODALITÀ DI PAGAMENTO,""Come effettuare il pagamento"""
"TERMINE PER LA PRESENTAZIONE DELLA DOMANDA,""Data ultima per presentare la domanda"""
"DOCUMENTI DA ALLEGARE ALLA DOMANDA,""Documenti da allegare alla domanda"""
"ISTRUZIONI PER LA REGISTRAZIONE SUL SITO,""Come registrarsi sul sito"""
"COME OTTENERE IL CERTIFICATO,""Come avere il certificato"""
"CONTATTI PER ASSISTENZA,""Email e telefono per assistenza"""
"MODALITÀ DI RINNOVO DELLA TESSERA,""Come rinnovare la tessera"""
"REQUISITI PER IL RILASCIO DEL PERMESSO,""Cosa serve per ottenere il permesso"""
"COME PRESENTARE IL RICORSO,""Come fare ricorso"""
"ISTRUZIONI PER L'ACCESSO ALLA PIATTAFORMA,""Come entrare nella piattaforma"""
"DOCUMENTI NECESSARI PER IL PAGAMENTO,""Documenti per pagare"""
"MODALITÀ DI CONSEGNA DEI CERTIFICATI,""Come ricevere i certificati"""
"NUMERO DI TELEFONO DELL'UFFICIO,""Telefono dell'ufficio"""
"ORARI PER IL RITIRO DEI DOCUMENTI,""Quando ritirare i documenti"""
"COME COMPILARE LA RICHIESTA,""Come compilare la richiesta"""
"REQUISITI PER L'ISCRIZIONE AL CORSO,""Cosa serve per iscriversi al corso"""
"ISTRUZIONI PER L'INVIO DEL MODULO,""Come inviare il modulo"""
"MODALITÀ DI ACCESSO AL SERVIZIO,""Come accedere al servizio"""
"CONTATTI PER IL SUPPORTO,""Telefono ed email per supporto"""
"DOCUMENTAZIONE RICHIESTA PER L'ISCRIZIONE,""Documenti da fornire per iscriversi"""
"TERMINE ULTIMO PER L'INVIO DELLA DOMANDA,""Data ultima per inviare la domanda"""
"COME AGGIORNARE IL PROFILO ONLINE,""Come modificare il profilo su internet"""
"MODULO DI RICHIESTA ONLINE,""Modulo per richiedere online"""
"ISTRUZIONI PER L'UTILIZZO DEL PORTALE,""Come usare il portale"""
"REQUISITI PER IL CERTIFICATO DI RESIDENZA,""Cosa serve per ottenere il certificato di residenza"""
"COME COMPILARE IL QUESTIONARIO,""Come riempire il questionario"""
"MODALITÀ DI CONSEGNA DELLA RICHIESTA,""Come consegnare la richiesta"""
"NUMERO DI TELEFONO PER IL SERVIZIO CLIENTI,""Telefono per contattare il servizio clienti"""
"ORARI DI APERTURA AL PUBBLICO,""Orari in cui è possibile recarsi all'ufficio"""
"Le istanze incomplete saranno archiviate senza ulteriore comunicazione.,""Le richieste incomplete saranno archiviate senza avviso."""
"È necessario allegare la documentazione comprovante i requisiti richiesti.,""Bisogna allegare i documenti che provano i requisiti."""
"Il procedimento amministrativo sarà avviato entro i termini previsti.,""Il procedimento inizierà entro i tempi stabiliti."""
"Si comunica che i termini di presentazione delle domande sono inderogabili.,""I termini per inviare le domande non possono essere cambiati."""
"L’utente è tenuto a presentare documenti originali o copie certificate.,""L’utente deve inviare documenti originali o copie certificate."""
"Ogni comunicazione dovrà riportare l’indicazione del referente di ufficio.,""Ogni comunicazione deve indicare il referente dell’ufficio."""
"Le richieste non conformi saranno respinte senza ulteriori avvisi.,""Le richieste non corrette saranno respinte senza avviso."""
"Il modulo potrà essere trasmesso tramite posta elettronica certificata.,""Il modulo può essere inviato tramite PEC."""
"È obbligatorio fornire tutti i dati richiesti nel modulo.,""Bisogna scrivere tutti i dati richiesti nel modulo."""
"Il rilascio del certificato avverrà dopo la verifica della documentazione.,""Il certificato sarà consegnato dopo aver controllato i documenti."""
"L’istanza dovrà essere firmata digitalmente dal richiedente.,""La richiesta deve essere firmata digitalmente."""
"Si precisa che eventuali errori nella compilazione comporteranno il rigetto della domanda.,""Gli errori nel modulo possono far respingere la richiesta."""
"Ogni richiesta dovrà essere inviata esclusivamente tramite il portale dedicato.,""Le richieste devono essere inviate solo tramite il portale."""
"Il presente avviso ha validità sino a nuova comunicazione.,""Questo avviso vale fino a nuovo avviso."""
"Le domande incomplete o prive di documentazione non saranno ammesse.,""Le domande incomplete o senza documenti non saranno accettate."""
"Si comunica che eventuali modifiche saranno pubblicate sul sito istituzionale.,""Gli eventuali cambiamenti saranno pubblicati sul sito ufficiale."""
"Ogni documento dovrà essere firmato e datato.,""Tutti i documenti devono avere firma e data."""
"Il rilascio della certificazione è subordinato al rispetto delle condizioni richieste.,""La certificazione sarà consegnata solo se rispettate le condizioni."""
"Si raccomanda di verificare attentamente i dati prima dell’invio.,""Controlla i dati prima di inviare."""
"L’utente deve indicare chiaramente il recapito per le comunicazioni.,""L’utente deve scrivere chiaramente l’indirizzo per comunicazioni."""
"Le istanze presentate in forma cartacea saranno considerate valide solo se complete.,""Le richieste cartacee sono valide solo se complete."""
"Ogni comunicazione dovrà essere protocollata dall’ufficio di competenza.,""Ogni comunicazione deve essere protocollata dall’ufficio."""
"Il modulo compilato dovrà essere inviato entro i termini di scadenza.,""Il modulo deve essere inviato entro la scadenza."""
"L’ente si riserva la facoltà di verificare la veridicità dei dati forniti.,""L’ente può controllare se i dati forniti sono corretti."""
"Ogni richiesta dovrà essere corredata da documentazione comprovante.,""Ogni richiesta deve avere documenti che lo provano."""
"Si informa che eventuali errori comporteranno la necessità di inviare nuovamente la domanda.,""Gli errori richiedono di inviare di nuovo la domanda."""
"Il procedimento si considera concluso con l’adozione del provvedimento finale.,""Il procedimento finisce con il provvedimento finale."""
"È necessario indicare la causale del pagamento nella ricevuta.,""Bisogna scrivere il motivo del pagamento sulla ricevuta."""
"L’utente deve conservare la ricevuta come prova dell’avvenuto pagamento.,""L’utente deve tenere la ricevuta come prova del pagamento."""
"Le richieste incomplete non saranno valutate.,""Le richieste incomplete non saranno considerate."""
"COME OTTENERE IL DOCUMENTO,""Come ricevere il documento"""
"MODALITÀ DI PRESENTAZIONE DELLA DOMANDA,""Come presentare la domanda"""
"ISTRUZIONI PER LA COMPILAZIONE DEL FORM,""Come compilare il form"""
"REQUISITI PER LA PARTECIPAZIONE AL BANDO,""Cosa serve per partecipare al bando"""
"CONTATTI PER INFORMAZIONI SUL SERVIZIO,""Email e telefono per informazioni"""
"TERMINE PER LA CONSEGNA DELLA DOMANDA,""Data ultima per consegnare la domanda"""
"MODALITÀ DI PAGAMENTO ONLINE,""Come pagare online"""
"DOCUMENTI DA PRESENTARE,""Documenti necessari"""
"COME FISSARE UN APPUNTAMENTO TELEFONICO,""Come prenotare un appuntamento al telefono"""
"ISTRUZIONI PER IL RITIRO DEL CERTIFICATO,""Come ritirare il certificato"""
"NUMERO DI TELEFONO PER INFORMAZIONI,""Telefono da contattare"""
"ORARI DI RICEVIMENTO DELL'UFFICIO,""Orari in cui riceve l'ufficio"""
"MODULO DI RICHIESTA DEL SERVIZIO,""Modulo per richiedere il servizio"""
"COME INVIARE LA DOMANDA VIA EMAIL,""Come mandare la domanda via email"""
"DOCUMENTI NECESSARI PER IL RILASCIO,""Documenti richiesti per ottenere il rilascio"""
"REQUISITI PER L'ISCRIZIONE ONLINE,""Cosa serve per iscriversi su internet"""
"ISTRUZIONI PER IL PAGAMENTO DELLE TASSE,""Come pagare le tasse"""
"MODALITÀ DI RICHIESTA DEL CERTIFICATO,""Come richiedere il certificato"""
"NUMERO DI TELEFONO DELL'UFFICIO INFORMATIVO,""Telefono dell'ufficio informazioni"""
"ORARIO DI APERTURA AL PUBBLICO,""Quando l'ufficio è aperto"""
"COME COMPILARE LA RICHIESTA ONLINE,""Come compilare la richiesta su internet"""
"DOCUMENTI RICHIESTI PER LA PARTECIPAZIONE,""Documenti necessari per partecipare"""
"MODALITÀ DI CONSEGNA DELLA DOMANDA,""Come consegnare la domanda"""
"CONTATTI PER ASSISTENZA E SUPPORTO,""Telefono ed email per assistenza"""
"REQUISITI MINIMI PER LA PARTECIPAZIONE,""Cosa serve per partecipare"""
"ISTRUZIONI PER LA REGISTRAZIONE SULLA PIATTAFORMA,""Come registrarsi sul sito"""
"COME OTTENERE IL PERMESSO,""Come ricevere il permesso"""
"MODALITÀ DI INVIO DEL MODULO,""Come mandare il modulo"""
"DOCUMENTAZIONE RICHIESTA PER IL SERVIZIO ONLINE,""Documenti da presentare online"""
"NUMERO DI TELEFONO PER IL SUPPORTO,""Telefono per contattare il supporto"""
"ORARI DI CONSEGNA DEI DOCUMENTI,""Quando consegnare i documenti"""
"COME COMPILARE IL MODULO DI ISCRIZIONE,""Come riempire il modulo di iscrizione"""
"REQUISITI PER IL RILASCIO DEL CERTIFICATO,""Cosa serve per ottenere il certificato"""
"MODALITÀ DI PAGAMENTO DEL SERVIZIO,""Come pagare il servizio"""
"ISTRUZIONI PER L'ACCESSO ALLA PIATTAFORMA ONLINE,""Come entrare nella piattaforma"""
"DOCUMENTI NECESSARI PER L'ISCRIZIONE AL CORSO,""Documenti richiesti per iscriversi al corso"""
"TERMINE PER L'INVIO DEI DOCUMENTI,""Data ultima per inviare i documenti"""
"COME AGGIORNARE I DATI SUL PORTALE,""Come modificare i dati sul portale"""
"MODULO DI RICHIESTA PER IL SERVIZIO,""Modulo per richiedere il servizio"""
"ISTRUZIONI PER L'UTILIZZO DEL PORTALE ONLINE,""Come usare il portale"""
"REQUISITI PER OTTENERE IL CERTIFICATO DI RESIDENZA,""Cosa serve per il certificato di residenza"""
"COME COMPILARE IL QUESTIONARIO ONLINE,""Come riempire il questionario su internet"""
"MODALITÀ DI CONSEGNA DELLA RICHIESTA ONLINE,""Come consegnare la richiesta"""
"NUMERO DI TELEFONO DEL SERVIZIO CLIENTI,""Telefono per contattare il servizio clienti"""
"ORARI DI APERTURA AL PUBBLICO PER IL RITIRO DOCUMENTI,""Quando è possibile ritirare i documenti"""
"COME PRESENTARE LA RICHIESTA DI RIMBORSO,""Come chiedere un rimborso"""
"DOCUMENTI DA ALLEGARE ALLA RICHIESTA,""Documenti da allegare alla richiesta"""
"ISTRUZIONI PER IL RINNOVO DELLA TESSERA,""Come rinnovare la tessera"""
"MODALITÀ DI ACCESSO AI SERVIZI ONLINE,""Come accedere ai servizi online"""
"CONTATTI PER IL SERVIZIO CLIENTI,""Telefono ed email per contattare il servizio clienti"""
"REQUISITI PER L'AMMISSIONE AL CORSO,""Cosa serve per essere ammessi"""
"COME OTTENERE IL DUPLICATO DEL DOCUMENTO,""Come ricevere un duplicato del documento"""
"MODALITÀ DI PRESENTAZIONE DEL RECLAMO,""Come presentare un reclamo"""
"ISTRUZIONI PER LA COMPILAZIONE DEL MODULO ONLINE,""Come compilare il modulo online"""
"REQUISITI PER OTTENERE L'ESENZIONE,""Cosa serve per ottenere l'esenzione"""
"CONTATTI PER SEGNALAZIONI E SUGGERIMENTI,""Telefono ed email per segnalazioni"""
"TERMINE PER LA CONSEGNA DEI MODULI,""Data ultima per consegnare i moduli"""
"MODALITÀ DI PAGAMENTO DELLE MULTE,""Come pagare le multe"""
"DOCUMENTI NECESSARI PER IL RILASCIO DEL PERMESSO,""Documenti richiesti per il permesso"""
"COME FISSARE UN APPUNTAMENTO ONLINE,""Come prenotare un appuntamento su internet"""
"ISTRUZIONI PER IL RITIRO DELLA CARTA D'IDENTITÀ,""Come ritirare la carta d'identità"""
"NUMERO DI TELEFONO PER SUPPORTO TECNICO,""Telefono per supporto tecnico"""
"ORARI DI APERTURA DELL'UFFICIO AL PUBBLICO,""Orari di apertura dell'ufficio"""
"MODULO PER LA RICHIESTA DI DOCUMENTI,""Modulo per richiedere documenti"""
"COME INVIARE IL MODULO VIA PEC,""Come mandare il modulo via PEC"""
"DOCUMENTI NECESSARI PER LA VALIDAZIONE,""Documenti richiesti per la validazione"""
"REQUISITI MINIMI PER L'ACCESSO AL CORSO,""Cosa serve per partecipare al corso"""
"ISTRUZIONI PER LA REGISTRAZIONE ONLINE,""Come registrarsi online"""
"COME OTTENERE IL CERTIFICATO DI NASCITA,""Come ricevere il certificato di nascita"""
"MODALITÀ DI INVIO DELLA RICHIESTA,""Come inviare la richiesta"""
"DOCUMENTAZIONE NECESSARIA PER IL SERVIZIO,""Documenti richiesti per il servizio"""
"NUMERO DI TELEFONO PER INFORMAZIONI SUL SERVIZIO,""Telefono per informazioni sul servizio"""
"ORARI DI CONSEGNA DEI CERTIFICATI,""Orari per ritirare i certificati"""
"COME COMPILARE LA RICHIESTA DI ISCRIZIONE,""Come compilare la richiesta di iscrizione"""
"REQUISITI PER OTTENERE L'IDONEITÀ,""Cosa serve per ottenere l'idoneità"""
"MODALITÀ DI PAGAMENTO DELLE TASSE SCOLASTICHE,""Come pagare le tasse scolastiche"""
"ISTRUZIONI PER L'ACCESSO ALLA PIATTAFORMA DIGITALE,""Come entrare nella piattaforma digitale"""
"DOCUMENTI NECESSARI PER LA PARTECIPAZIONE AL CORSO,""Documenti richiesti per partecipare al corso"""
"TERMINE PER L'INVIO DELLE RICHIESTE,""Data ultima per inviare le richieste"""
"COME AGGIORNARE I DATI PERSONALI ONLINE,""Come aggiornare i dati personali sul sito"""
"MODULO DI RICHIESTA PER L'ISCRIZIONE,""Modulo per chiedere l'iscrizione"""
"ISTRUZIONI PER L'USO DEL SERVIZIO ONLINE,""Come usare il servizio online"""
"REQUISITI PER OTTENERE IL CERTIFICATO DI RESIDENZA TEMPORANEA,""Cosa serve per ottenere il certificato temporaneo"""
"COME COMPILARE IL QUESTIONARIO DI VALUTAZIONE,""Come riempire il questionario di valutazione"""
"MODALITÀ DI CONSEGNA DELLA RICHIESTA DI INFORMAZIONI,""Come consegnare la richiesta"""
"NUMERO DI TELEFONO DELL'ASSISTENZA CLIENTI,""Telefono per contattare l'assistenza clienti"""
"ORARI DI RITIRO DEI DOCUMENTI PRESSO L'UFFICIO,""Quando ritirare i documenti all'ufficio"""
"COME PRESENTARE LA RICHIESTA DI RIMBORSO SPESE,""Come chiedere il rimborso delle spese"""
"DOCUMENTI DA ALLEGARE ALLA RICHIESTA DI RIMBORSO,""Documenti da allegare alla richiesta di rimborso"""
"ISTRUZIONI PER IL RINNOVO DEL PASSAPORTO,""Come rinnovare il passaporto"""
"MODALITÀ DI ACCESSO AI SERVIZI DIGITALI,""Come accedere ai servizi digitali"""
"CONTATTI PER IL SERVIZIO CLIENTI ONLINE,""Telefono ed email del servizio clienti online"""
"REQUISITI PER L'AMMISSIONE ALLA SELEZIONE,""Cosa serve per essere ammessi alla selezione"""
"COME OTTENERE IL DUPLICATO DELLA TESSERA,""Come ricevere un duplicato della tessera"""
"MODALITÀ DI PRESENTAZIONE DELLA DOMANDA DI RIMBORSO,""Come presentare la domanda di rimborso"""
"ISTRUZIONI PER LA COMPILAZIONE DEL MODULO CARTACEO,""Come compilare il modulo cartaceo"""
"REQUISITI PER OTTENERE IL PERMESSO DI SOGGIORNO,""Cosa serve per il permesso di soggiorno"""
"CONTATTI PER INFORMAZIONI SUL SERVIZIO ONLINE,""Telefono ed email per informazioni online"""
"TERMINE PER LA CONSEGNA DEI DOCUMENTI DI ISCRIZIONE,""Data ultima per consegnare i documenti di iscrizione"""
"MODALITÀ DI PAGAMENTO DEL SERVIZIO DIGITALE,""Come pagare il servizio digitale"""
"DOCUMENTI NECESSARI PER IL RILASCIO DEL PASSAPORTO,""Documenti richiesti per il passaporto"""
"COME FISSARE UN APPUNTAMENTO PRESSO L'UFFICIO,""Come prenotare un appuntamento in ufficio"""
"ISTRUZIONI PER IL RITIRO DELLA CARTA DI IDENTITÀ TEMPORANEA,""Come ritirare la carta d'identità temporanea"""
"NUMERO DI TELEFONO PER IL SUPPORTO CLIENTI,""Telefono per contattare il supporto clienti"""
"ORARI DI APERTURA AL PUBBLICO DELL'UFFICIO COMUNALE,""Orari di apertura dell'ufficio comunale"""